Object,Task,Initial contact1,Initial contact2,Initial orientation,Desired contact1,Desired contact2,Desired orientation,Final contact1,Final contact2,Final orientation,,
gelatin box,2,"-0.02,-0.03,-0.016","-0.02,-0.03,0.0137","0,0,0,1","0.03,-0.02,-0.016","0.03,-0.02,0.0137","0,0,0.766,0.643","0.0260451,-0.0227754,-0.0159358","0.025917,-0.0230765,0.0118747","0,0,0.766077,0.642788",,
cracker box,1,"-0.036,-0.05,0.08","0.035,-0.05,0.08","0,0.707,0,0.707","-0.036,0.05,0.08","0.035,0.05,0.08","-0.5,0.5,-0.5,0.5","-0.0343424,0.0451897,0.0822332","0.0311734,0.054921,0.0728811","-0.499774,0.499472,-0.499774,0.500075",,
spatula,2,"0.09,-0.14,0.01","0.09,-0.14,0.003","0.123,0.123,0.696,0.696","0.11,-0.085,0.01","0.11,-0.085,0.003","-0.123,0.123,-0.696,0.696","0.106053,-0.0817154,0.00646315","0.106053,-0.0817154,0.00646315","-0.122789,0.122762,-0.696075,0.696001",,
potted meat can,4,"-0.01,0.003,0.065","-0.01,-0.05,0.065","0,0.707,0.707,0","-0.01,0.003,0.01","-0.01,-0.05,0.01","0.242,0.664,0.664,-0.242","-0.00755676,-0.000190741,0.0051738","-0.00269315,-0.0494667,0.0111238","0.241653,0.664389,0.664283,-0.241653",,
